{"cameraMode":{"drawMode":0,"name":"Shaded","section":"Shading Mode"},"sceneLighting":true,"audioPlay":false,"sceneViewState":{"showFog":true,"showMaterialUpdate":true,"showSkybox":true,"showFlares":true,"showImageEffects":true,"showParticleSystems":true},"in2DMode":false,"pivot":{"x":-33.312217712402347,"y":7.154751300811768,"z":-1.040184736251831},"rotation":{"x":-0.011403494514524937,"y":0.815151035785675,"z":-0.01619776152074337,"w":-0.5791063904762268},"size":34.16532897949219,"orthographic":false}