{"cameraMode":{"drawMode":0,"name":"Shaded","section":"Shading Mode"},"sceneLighting":true,"audioPlay":false,"sceneViewState":{"showFog":true,"showMaterialUpdate":false,"showSkybox":true,"showFlares":true,"showImageEffects":true,"showParticleSystems":true},"in2DMode":false,"pivot":{"x":1.350001335144043,"y":0.6000000238418579,"z":45.220001220703128},"rotation":{"x":-0.03878113254904747,"y":0.9561168551445007,"z":-0.24955226480960847,"w":-0.1486126184463501},"size":1.3270263671875,"orthographic":false}